{"train_loss":0,"train_acc":1,"_wandb":{"runtime":109},"val_loss":0,"_timestamp":1.7375770625478745e+09,"_runtime":109.119789825,"_step":2323,"val_acc":1}